"segment_id","time_cluster","time_cluster_unique","start","end","n_records","start_x","start_y","length_max","length_min","delay_max","delay_min","absolute_speed_max","absolute_speed_min","absolute_speed_Q25","absolute_speed_Q50","absolute_speed_Q75","message","duration_hours","length_measured"
42,1,1,2017-01-17 04:19:00,2017-01-17 11:40:00,408,"4132952","5628966",2153,2153,75,75,51,51,51,51,51,"M18 northeastern at Doncaster 2 km slow traffic",7.3,225.279763734489
49,1,1,2017-01-17 04:19:00,2017-01-17 11:40:00,408,"4132952","5628966",2153,2153,75,75,51,51,51,51,51,"M18 northeastern at Doncaster 2 km slow traffic",7.3,416.129375202498
66,1,2,2017-01-24 13:23:00,2017-01-28 04:09:00,4942,"4134567 4134104 4134358 4134383 4133992 4133953","5630023 5629745 5629895 5629910 5629679 5629656",3113,824,182,30,57,38,42,44,51,"M18 northeastern at Doncaster 877 m slow traffic M18 eastbound at Doncaster 2.1 km slow traffic M18 eastbound at Doncaster 2 km slow traffic M18 eastbound at Doncaster 1.6 km slow traffic M18 northeastern at Doncaster 827 m queuing traffic M18 northeastern in direction (M180)/M18/(M62)/Scunthorpe/Doncaster/Hull at Doncaster 1.7 km slow traffic M18 eastbound at Doncaster 1.5 km slow traffic M18 eastbound at Doncaster 1.8 km slow traffic M18 eastbound at Doncaster 2.7 km slow traffic M18 eastbound at Doncaster 1.9 km slow traffic M18 eastbound in direction (M180)/M18/(M62)/Scunthorpe/Doncaster/Hull at Doncaster 2.7 km slow traffic M18 eastbound in direction (M180)/M18/(M62)/Scunthorpe/Doncaster/Hull at Doncaster 3.1 km queuing traffic M18 eastbound at Doncaster 2.9 km slow traffic",86.8,160.088652236163
69,1,3,2017-01-24 13:23:00,2017-01-25 11:45:00,1264,"4134567 4134104 4134358","5630023 5629745 5629895",2433,887,107,30,57,43,43,54,57,"M18 northeastern at Doncaster 877 m slow traffic M18 eastbound at Doncaster 2.1 km slow traffic M18 eastbound at Doncaster 2 km slow traffic",22.4,63.6927241698107
59,1,4,2017-01-24 20:34:00,2017-01-28 05:37:00,4519,"4134104 4134358 4134383 4133992 4133953 4133850","5629745 5629895 5629910 5629679 5629656 5629595",3113,1505,182,61,57,39,42,44,51,"M18 eastbound at Doncaster 2.1 km slow traffic M18 eastbound at Doncaster 2 km slow traffic M18 eastbound at Doncaster 1.6 km slow traffic M18 northeastern in direction (M180)/M18/(M62)/Scunthorpe/Doncaster/Hull at Doncaster 1.7 km slow traffic M18 eastbound at Doncaster 1.5 km slow traffic M18 eastbound at Doncaster 1.8 km slow traffic M18 eastbound at Doncaster 2.7 km slow traffic M18 eastbound at Doncaster 1.9 km slow traffic M18 eastbound in direction (M180)/M18/(M62)/Scunthorpe/Doncaster/Hull at Doncaster 2.7 km slow traffic M18 eastbound in direction (M180)/M18/(M62)/Scunthorpe/Doncaster/Hull at Doncaster 3.1 km queuing traffic M18 eastbound at Doncaster 2.9 km slow traffic M18 eastbound at Doncaster 1.7 km slow traffic",81,373.099660192277
63,1,5,2017-01-24 20:34:00,2017-01-28 04:09:00,4316,"4134104 4134358 4134383 4133992 4133953","5629745 5629895 5629910 5629679 5629656",3113,1505,182,61,57,39,42,44,51,"M18 eastbound at Doncaster 2.1 km slow traffic M18 eastbound at Doncaster 2 km slow traffic M18 eastbound at Doncaster 1.6 km slow traffic M18 northeastern in direction (M180)/M18/(M62)/Scunthorpe/Doncaster/Hull at Doncaster 1.7 km slow traffic M18 eastbound at Doncaster 1.5 km slow traffic M18 eastbound at Doncaster 1.8 km slow traffic M18 eastbound at Doncaster 2.7 km slow traffic M18 eastbound at Doncaster 1.9 km slow traffic M18 eastbound in direction (M180)/M18/(M62)/Scunthorpe/Doncaster/Hull at Doncaster 2.7 km slow traffic M18 eastbound in direction (M180)/M18/(M62)/Scunthorpe/Doncaster/Hull at Doncaster 3.1 km queuing traffic M18 eastbound at Doncaster 2.9 km slow traffic",79.6,93.1050133382885
64,1,5,2017-01-24 20:34:00,2017-01-28 04:09:00,4316,"4134104 4134358 4134383 4133992 4133953","5629745 5629895 5629910 5629679 5629656",3113,1505,182,61,57,39,42,44,51,"M18 eastbound at Doncaster 2.1 km slow traffic M18 eastbound at Doncaster 2 km slow traffic M18 eastbound at Doncaster 1.6 km slow traffic M18 northeastern in direction (M180)/M18/(M62)/Scunthorpe/Doncaster/Hull at Doncaster 1.7 km slow traffic M18 eastbound at Doncaster 1.5 km slow traffic M18 eastbound at Doncaster 1.8 km slow traffic M18 eastbound at Doncaster 2.7 km slow traffic M18 eastbound at Doncaster 1.9 km slow traffic M18 eastbound in direction (M180)/M18/(M62)/Scunthorpe/Doncaster/Hull at Doncaster 2.7 km slow traffic M18 eastbound in direction (M180)/M18/(M62)/Scunthorpe/Doncaster/Hull at Doncaster 3.1 km queuing traffic M18 eastbound at Doncaster 2.9 km slow traffic",79.6,60.5302303310838
65,1,5,2017-01-24 20:34:00,2017-01-28 04:09:00,4316,"4134104 4134358 4134383 4133992 4133953","5629745 5629895 5629910 5629679 5629656",3113,1505,182,61,57,39,42,44,51,"M18 eastbound at Doncaster 2.1 km slow traffic M18 eastbound at Doncaster 2 km slow traffic M18 eastbound at Doncaster 1.6 km slow traffic M18 northeastern in direction (M180)/M18/(M62)/Scunthorpe/Doncaster/Hull at Doncaster 1.7 km slow traffic M18 eastbound at Doncaster 1.5 km slow traffic M18 eastbound at Doncaster 1.8 km slow traffic M18 eastbound at Doncaster 2.7 km slow traffic M18 eastbound at Doncaster 1.9 km slow traffic M18 eastbound in direction (M180)/M18/(M62)/Scunthorpe/Doncaster/Hull at Doncaster 2.7 km slow traffic M18 eastbound in direction (M180)/M18/(M62)/Scunthorpe/Doncaster/Hull at Doncaster 3.1 km queuing traffic M18 eastbound at Doncaster 2.9 km slow traffic",79.6,93.1034073508515
69,2,6,2017-01-25 18:15:00,2017-01-26 17:18:00,1301,"4134383 4134358","5629910 5629895",1864,1505,87,81,44,42,42,44,44,"M18 northeastern in direction (M180)/M18/(M62)/Scunthorpe/Doncaster/Hull at Doncaster 1.7 km slow traffic M18 eastbound at Doncaster 1.5 km slow traffic M18 eastbound at Doncaster 1.8 km slow traffic",23.1,63.6927241698107
70,1,7,2017-01-25 18:15:00,2017-01-26 02:24:00,435,"4134383","5629910",1864,1864,84,84,44,44,44,44,44,"M18 northeastern in direction (M180)/M18/(M62)/Scunthorpe/Doncaster/Hull at Doncaster 1.7 km slow traffic",8.2,178.421808620305
69,3,8,2017-01-26 23:19:00,2017-01-28 04:09:00,1514,"4134104 4133953","5629745 5629656",3113,2433,182,104,51,39,39,44,51,"M18 eastbound in direction (M180)/M18/(M62)/Scunthorpe/Doncaster/Hull at Doncaster 2.7 km slow traffic M18 eastbound in direction (M180)/M18/(M62)/Scunthorpe/Doncaster/Hull at Doncaster 3.1 km queuing traffic M18 eastbound at Doncaster 2.9 km slow traffic M18 eastbound at Doncaster 2.1 km slow traffic",28.8,63.6927241698107
70,2,9,2017-01-26 23:19:00,2017-01-27 14:51:00,840,"4134104 4133953","5629745 5629656",3113,2612,182,104,51,39,39,51,51,"M18 eastbound in direction (M180)/M18/(M62)/Scunthorpe/Doncaster/Hull at Doncaster 2.7 km slow traffic M18 eastbound in direction (M180)/M18/(M62)/Scunthorpe/Doncaster/Hull at Doncaster 3.1 km queuing traffic",15.5,178.421808620305
57,1,10,2017-01-27 06:20:00,2017-01-28 12:41:00,1479,"4133953 4133850","5629656 5629595",3113,473,182,31,55,39,39,44,55,"M18 eastbound in direction (M180)/M18/(M62)/Scunthorpe/Doncaster/Hull at Doncaster 3.1 km queuing traffic M18 eastbound at Doncaster 2.9 km slow traffic M18 eastbound at Doncaster 1.7 km slow traffic M18 eastbound at Doncaster 959 m slow traffic",30.4,102.885916832865
15,1,11,2017-01-27 22:13:00,2017-01-30 08:53:00,2994,"4132580 4132630","5628165 5628154",940,788,223,152,14,11,11,12,12,"A631 westbound Bawtry Road in direction A631/Bawtry/Rotherham at Rotherham 825 m queuing traffic A631 westbound Bawtry Road in direction A631/Bawtry/Rotherham at Rotherham 967 m queuing traffic",58.7,41.1384640409179
17,1,11,2017-01-27 22:13:00,2017-01-30 08:53:00,3229,"4132580 4132630 4132579","5628165 5628154 5628166",940,786,223,152,14,11,11,12,12,"A631 westbound Bawtry Road in direction A631/Bawtry/Rotherham at Rotherham 825 m queuing traffic A631 westbound Bawtry Road in direction A631/Bawtry/Rotherham at Rotherham 967 m queuing traffic A631 westbound Bawtry Road in direction Rotherham/Wickersley/Bramley/A631 at Rotherham 791 m queuing traffic",58.7,6.41516663624828
55,1,12,2017-01-27 22:13:00,2017-01-28 12:41:00,632,"4133850","5629595",1690,473,100,31,55,40,40,55,55,"M18 eastbound at Doncaster 1.7 km slow traffic M18 eastbound at Doncaster 959 m slow traffic",14.5,842.772414117639
11,1,13,2017-01-28 11:57:00,2017-01-29 17:07:00,1500,"4132630","5628154",940,940,223,193,12,11,11,11,12,"A631 westbound Bawtry Road in direction A631/Bawtry/Rotherham at Rotherham 967 m queuing traffic",29.2,6.42442558450341
13,1,13,2017-01-28 11:57:00,2017-01-29 17:07:00,1500,"4132630","5628154",940,940,223,193,12,11,11,11,12,"A631 westbound Bawtry Road in direction A631/Bawtry/Rotherham at Rotherham 967 m queuing traffic",29.2,14.6555328151547
14,1,13,2017-01-28 11:57:00,2017-01-29 17:07:00,1500,"4132630","5628154",940,940,223,193,12,11,11,11,12,"A631 westbound Bawtry Road in direction A631/Bawtry/Rotherham at Rotherham 967 m queuing traffic",29.2,15.4742671103134
66,2,14,2017-01-29 03:34:00,2017-01-30 23:58:00,2227,"4134612 4134383 4134495 4134358 4133922","5630056 5629910 5629976 5629895 5629638",3037,725,287,34,48,27,28,36,47,"M18 northeastern at Doncaster stationary traffic M18 eastbound at Doncaster 1.5 km slow traffic M18 northeastern at Doncaster 794 m slow traffic M18 eastbound at Doncaster 1.2 km slow traffic M18 eastbound at Doncaster 1.8 km queuing traffic M18 eastbound at Doncaster 3.1 km queuing traffic M18 eastbound at Doncaster stationary traffic M18 eastbound at Doncaster 2 km queuing traffic",44.4,160.088652236163
69,4,15,2017-01-29 03:34:00,2017-01-29 10:50:00,206,"4134612","5630056",725,725,75,75,28,28,28,28,28,"M18 northeastern at Doncaster stationary traffic",7.3,63.6927241698107
59,2,16,2017-01-29 10:44:00,2017-01-29 18:16:00,235,"4134383","5629910",1442,1442,67,67,47,47,47,47,47,"M18 eastbound at Doncaster 1.5 km slow traffic",7.5,373.099660192277
63,2,17,2017-01-29 10:44:00,2017-01-30 23:58:00,2021,"4134383 4134495 4134358 4133922","5629910 5629976 5629895 5629638",3037,925,287,34,48,27,36,46,47,"M18 eastbound at Doncaster 1.5 km slow traffic M18 northeastern at Doncaster 794 m slow traffic M18 eastbound at Doncaster 1.2 km slow traffic M18 eastbound at Doncaster 1.8 km queuing traffic M18 eastbound at Doncaster 3.1 km queuing traffic M18 eastbound at Doncaster stationary traffic M18 eastbound at Doncaster 2 km queuing traffic",37.2,93.1050133382885
64,2,17,2017-01-29 10:44:00,2017-01-30 23:58:00,2021,"4134383 4134495 4134358 4133922","5629910 5629976 5629895 5629638",3037,925,287,34,48,27,36,46,47,"M18 eastbound at Doncaster 1.5 km slow traffic M18 northeastern at Doncaster 794 m slow traffic M18 eastbound at Doncaster 1.2 km slow traffic M18 eastbound at Doncaster 1.8 km queuing traffic M18 eastbound at Doncaster 3.1 km queuing traffic M18 eastbound at Doncaster stationary traffic M18 eastbound at Doncaster 2 km queuing traffic",37.2,60.5302303310838
65,2,17,2017-01-29 10:44:00,2017-01-30 23:58:00,2021,"4134383 4134495 4134358 4133922","5629910 5629976 5629895 5629638",3037,925,287,34,48,27,36,46,47,"M18 eastbound at Doncaster 1.5 km slow traffic M18 northeastern at Doncaster 794 m slow traffic M18 eastbound at Doncaster 1.2 km slow traffic M18 eastbound at Doncaster 1.8 km queuing traffic M18 eastbound at Doncaster 3.1 km queuing traffic M18 eastbound at Doncaster stationary traffic M18 eastbound at Doncaster 2 km queuing traffic",37.2,93.1034073508515
11,2,18,2017-01-30 00:28:00,2017-01-30 08:53:00,436,"4132630","5628154",940,940,166,166,14,14,14,14,14,"A631 westbound Bawtry Road in direction A631/Bawtry/Rotherham at Rotherham 967 m queuing traffic",8.4,6.42442558450341
13,2,18,2017-01-30 00:28:00,2017-01-30 08:53:00,436,"4132630","5628154",940,940,166,166,14,14,14,14,14,"A631 westbound Bawtry Road in direction A631/Bawtry/Rotherham at Rotherham 967 m queuing traffic",8.4,14.6555328151547
14,2,18,2017-01-30 00:28:00,2017-01-30 08:53:00,436,"4132630","5628154",940,940,166,166,14,14,14,14,14,"A631 westbound Bawtry Road in direction A631/Bawtry/Rotherham at Rotherham 967 m queuing traffic",8.4,15.4742671103134
59,3,19,2017-01-30 00:28:00,2017-01-30 23:58:00,1360,"4134383 4134358 4133922","5629910 5629895 5629638",3037,1298,287,56,46,27,28,36,46,"M18 eastbound at Doncaster 1.2 km slow traffic M18 eastbound at Doncaster 1.8 km queuing traffic M18 eastbound at Doncaster 3.1 km queuing traffic M18 eastbound at Doncaster stationary traffic M18 eastbound at Doncaster 2 km queuing traffic",23.5,373.099660192277
69,5,20,2017-01-30 07:44:00,2017-01-30 23:58:00,701,"4134358 4133922","5629895 5629638",3037,1588,287,120,36,28,28,36,36,"M18 eastbound at Doncaster 1.8 km queuing traffic M18 eastbound at Doncaster 3.1 km queuing traffic M18 eastbound at Doncaster 2 km queuing traffic",16.2,63.6927241698107
57,2,21,2017-01-30 15:01:00,2017-01-30 22:11:00,202,"4133922","5629638",3037,3037,287,287,28,28,28,28,28,"M18 eastbound at Doncaster 3.1 km queuing traffic",7.2,102.885916832865
79,1,22,2017-05-01 00:00:00,2017-05-30 23:55:00,8640,"4135145","5630452",1493,1493,47,35,80,80,80,80,80,"M18 eastbound at Doncaster roadworks",719.9,35.011281400826
80,1,22,2017-05-01 00:00:00,2017-05-30 23:55:00,8640,"4135145","5630452",1493,1493,47,35,80,80,80,80,80,"M18 eastbound at Doncaster roadworks",719.9,190.433527925207
81,1,22,2017-05-01 00:00:00,2017-05-30 23:55:00,8640,"4135145","5630452",1493,1493,47,35,80,80,80,80,80,"M18 eastbound at Doncaster roadworks",719.9,249.797131902209
86,1,22,2017-05-01 00:00:00,2017-05-30 23:55:00,8640,"4135145","5630452",1493,1493,47,35,80,80,80,80,80,"M18 eastbound at Doncaster roadworks",719.9,18.147867868011
53,1,23,2017-05-12 03:25:00,2017-05-12 03:55:00,4,"4133540","5629413",1029,1029,35,35,57,57,57,57,57,"M18 eastbound at Doncaster 1.1 km slow traffic",0.5,185.145705651696
55,2,23,2017-05-12 03:25:00,2017-05-12 03:55:00,4,"4133540","5629413",1029,1029,35,35,57,57,57,57,57,"M18 eastbound at Doncaster 1.1 km slow traffic",0.5,842.772414117639
53,2,24,2017-05-12 04:35:00,2017-05-13 06:40:00,158,"4133540","5629413",1029,1029,35,35,57,57,57,57,57,"M18 eastbound at Doncaster 1.1 km slow traffic",26.1,185.145705651696
55,3,24,2017-05-12 04:35:00,2017-05-13 06:40:00,158,"4133540","5629413",1029,1029,35,35,57,57,57,57,57,"M18 eastbound at Doncaster 1.1 km slow traffic",26.1,842.772414117639
59,4,25,2017-05-13 00:15:00,2017-05-14 07:25:00,312,"4134104","5629745",1708,1708,47,47,57,57,57,57,57,"M18 eastbound at Doncaster 1.5 km slow traffic",31.2,373.099660192277
63,3,25,2017-05-13 00:15:00,2017-05-14 07:25:00,312,"4134104","5629745",1708,1708,47,47,57,57,57,57,57,"M18 eastbound at Doncaster 1.5 km slow traffic",31.2,93.1050133382885
64,3,25,2017-05-13 00:15:00,2017-05-14 07:25:00,312,"4134104","5629745",1708,1708,47,47,57,57,57,57,57,"M18 eastbound at Doncaster 1.5 km slow traffic",31.2,60.5302303310838
65,3,25,2017-05-13 00:15:00,2017-05-14 07:25:00,312,"4134104","5629745",1708,1708,47,47,57,57,57,57,57,"M18 eastbound at Doncaster 1.5 km slow traffic",31.2,93.1034073508515
66,3,25,2017-05-13 00:15:00,2017-05-14 07:25:00,312,"4134104","5629745",1708,1708,47,47,57,57,57,57,57,"M18 eastbound at Doncaster 1.5 km slow traffic",31.2,160.088652236163
53,3,26,2017-05-13 07:40:00,2017-05-13 08:30:00,5,"4133540","5629413",1029,1029,35,35,57,57,57,57,57,"M18 eastbound at Doncaster 1.1 km slow traffic",0.8,185.145705651696
55,4,26,2017-05-13 07:40:00,2017-05-13 08:30:00,5,"4133540","5629413",1029,1029,35,35,57,57,57,57,57,"M18 eastbound at Doncaster 1.1 km slow traffic",0.8,842.772414117639
59,5,27,2017-05-14 08:00:00,2017-05-14 11:40:00,26,"4134104","5629745",1708,1708,47,47,57,57,57,57,57,"M18 eastbound at Doncaster 1.5 km slow traffic",3.7,373.099660192277
63,4,27,2017-05-14 08:00:00,2017-05-14 11:40:00,26,"4134104","5629745",1708,1708,47,47,57,57,57,57,57,"M18 eastbound at Doncaster 1.5 km slow traffic",3.7,93.1050133382885
64,4,27,2017-05-14 08:00:00,2017-05-14 11:40:00,26,"4134104","5629745",1708,1708,47,47,57,57,57,57,57,"M18 eastbound at Doncaster 1.5 km slow traffic",3.7,60.5302303310838
65,4,27,2017-05-14 08:00:00,2017-05-14 11:40:00,26,"4134104","5629745",1708,1708,47,47,57,57,57,57,57,"M18 eastbound at Doncaster 1.5 km slow traffic",3.7,93.1034073508515
66,4,27,2017-05-14 08:00:00,2017-05-14 11:40:00,26,"4134104","5629745",1708,1708,47,47,57,57,57,57,57,"M18 eastbound at Doncaster 1.5 km slow traffic",3.7,160.088652236163
29,1,28,2017-06-01 00:00:00,2017-06-29 23:55:00,8352,"4132554","5628024",10569,10569,0,0,0,0,0,0,0,"M18 northeastern in direction (M180)/M18/(M62)/Scunthorpe/Doncaster/Hull at Rotherham blocked",695.9,141.250517499674
31,1,28,2017-06-01 00:00:00,2017-06-29 23:55:00,8352,"4132554","5628024",10569,10569,0,0,0,0,0,0,0,"M18 northeastern in direction (M180)/M18/(M62)/Scunthorpe/Doncaster/Hull at Rotherham blocked",695.9,652.633799646277
34,1,28,2017-06-01 00:00:00,2017-06-29 23:55:00,8352,"4132554","5628024",10569,10569,0,0,0,0,0,0,0,"M18 northeastern in direction (M180)/M18/(M62)/Scunthorpe/Doncaster/Hull at Rotherham blocked",695.9,155.477066363953
36,1,28,2017-06-01 00:00:00,2017-06-29 23:55:00,8352,"4132554","5628024",10569,10569,0,0,0,0,0,0,0,"M18 northeastern in direction (M180)/M18/(M62)/Scunthorpe/Doncaster/Hull at Rotherham blocked",695.9,173.282892166991
39,1,28,2017-06-01 00:00:00,2017-06-29 23:55:00,8352,"4132554","5628024",10569,10569,0,0,0,0,0,0,0,"M18 northeastern in direction (M180)/M18/(M62)/Scunthorpe/Doncaster/Hull at Rotherham blocked",695.9,144.304724218407
41,1,28,2017-06-01 00:00:00,2017-06-29 23:55:00,8352,"4132554","5628024",10569,10569,0,0,0,0,0,0,0,"M18 northeastern in direction (M180)/M18/(M62)/Scunthorpe/Doncaster/Hull at Rotherham blocked",695.9,156.459564021914
42,2,28,2017-06-01 00:00:00,2017-06-29 23:55:00,8352,"4132554","5628024",10569,10569,0,0,0,0,0,0,0,"M18 northeastern in direction (M180)/M18/(M62)/Scunthorpe/Doncaster/Hull at Rotherham blocked",695.9,225.279763734489
49,2,28,2017-06-01 00:00:00,2017-06-29 23:55:00,8352,"4132554","5628024",10569,10569,0,0,0,0,0,0,0,"M18 northeastern in direction (M180)/M18/(M62)/Scunthorpe/Doncaster/Hull at Rotherham blocked",695.9,416.129375202498
53,4,28,2017-06-01 00:00:00,2017-06-29 23:55:00,8352,"4132554","5628024",10569,10569,0,0,0,0,0,0,0,"M18 northeastern in direction (M180)/M18/(M62)/Scunthorpe/Doncaster/Hull at Rotherham blocked",695.9,185.145705651696
55,5,28,2017-06-01 00:00:00,2017-06-29 23:55:00,8352,"4132554","5628024",10569,10569,0,0,0,0,0,0,0,"M18 northeastern in direction (M180)/M18/(M62)/Scunthorpe/Doncaster/Hull at Rotherham blocked",695.9,842.772414117639
57,3,28,2017-06-01 00:00:00,2017-06-29 23:55:00,8352,"4132554","5628024",10569,10569,0,0,0,0,0,0,0,"M18 northeastern in direction (M180)/M18/(M62)/Scunthorpe/Doncaster/Hull at Rotherham blocked",695.9,102.885916832865
59,6,28,2017-06-01 00:00:00,2017-06-29 23:55:00,8352,"4132554","5628024",10569,10569,0,0,0,0,0,0,0,"M18 northeastern in direction (M180)/M18/(M62)/Scunthorpe/Doncaster/Hull at Rotherham blocked",695.9,373.099660192277
63,5,28,2017-06-01 00:00:00,2017-06-29 23:55:00,8352,"4132554","5628024",10569,10569,0,0,0,0,0,0,0,"M18 northeastern in direction (M180)/M18/(M62)/Scunthorpe/Doncaster/Hull at Rotherham blocked",695.9,93.1050133382885
64,5,28,2017-06-01 00:00:00,2017-06-29 23:55:00,8352,"4132554","5628024",10569,10569,0,0,0,0,0,0,0,"M18 northeastern in direction (M180)/M18/(M62)/Scunthorpe/Doncaster/Hull at Rotherham blocked",695.9,60.5302303310838
65,5,28,2017-06-01 00:00:00,2017-06-29 23:55:00,8352,"4132554","5628024",10569,10569,0,0,0,0,0,0,0,"M18 northeastern in direction (M180)/M18/(M62)/Scunthorpe/Doncaster/Hull at Rotherham blocked",695.9,93.1034073508515
66,5,28,2017-06-01 00:00:00,2017-06-29 23:55:00,8352,"4132554","5628024",10569,10569,0,0,0,0,0,0,0,"M18 northeastern in direction (M180)/M18/(M62)/Scunthorpe/Doncaster/Hull at Rotherham blocked",695.9,160.088652236163
69,6,28,2017-06-01 00:00:00,2017-06-29 23:55:00,8352,"4132554","5628024",10569,10569,0,0,0,0,0,0,0,"M18 northeastern in direction (M180)/M18/(M62)/Scunthorpe/Doncaster/Hull at Rotherham blocked",695.9,63.6927241698107
70,3,28,2017-06-01 00:00:00,2017-06-29 23:55:00,8352,"4132554","5628024",10569,10569,0,0,0,0,0,0,0,"M18 northeastern in direction (M180)/M18/(M62)/Scunthorpe/Doncaster/Hull at Rotherham blocked",695.9,178.421808620305
72,1,28,2017-06-01 00:00:00,2017-06-29 23:55:00,8352,"4132554","5628024",10569,10569,0,0,0,0,0,0,0,"M18 northeastern in direction (M180)/M18/(M62)/Scunthorpe/Doncaster/Hull at Rotherham blocked",695.9,126.786413649509
73,1,28,2017-06-01 00:00:00,2017-06-29 23:55:00,8352,"4132554","5628024",10569,10569,0,0,0,0,0,0,0,"M18 northeastern in direction (M180)/M18/(M62)/Scunthorpe/Doncaster/Hull at Rotherham blocked",695.9,254.126980947107
74,1,28,2017-06-01 00:00:00,2017-06-29 23:55:00,8352,"4132554","5628024",10569,10569,0,0,0,0,0,0,0,"M18 northeastern in direction (M180)/M18/(M62)/Scunthorpe/Doncaster/Hull at Rotherham blocked",695.9,105.03900452862
75,1,28,2017-06-01 00:00:00,2017-06-29 23:55:00,8352,"4132554","5628024",10569,10569,0,0,0,0,0,0,0,"M18 northeastern in direction (M180)/M18/(M62)/Scunthorpe/Doncaster/Hull at Rotherham blocked",695.9,165.778438132072
77,1,28,2017-06-01 00:00:00,2017-06-29 23:55:00,8352,"4132554","5628024",10569,10569,0,0,0,0,0,0,0,"M18 northeastern in direction (M180)/M18/(M62)/Scunthorpe/Doncaster/Hull at Rotherham blocked",695.9,26.4382194503476
79,2,29,2017-07-01 00:00:00,2017-07-24 19:45:00,6852,"4135145","5630452",1493,1493,0,0,80,80,80,80,80,"M18 eastbound at Doncaster roadworks",571.8,35.011281400826
80,2,29,2017-07-01 00:00:00,2017-07-24 19:45:00,6852,"4135145","5630452",1493,1493,0,0,80,80,80,80,80,"M18 eastbound at Doncaster roadworks",571.8,190.433527925207
81,2,29,2017-07-01 00:00:00,2017-07-24 19:45:00,6852,"4135145","5630452",1493,1493,0,0,80,80,80,80,80,"M18 eastbound at Doncaster roadworks",571.8,249.797131902209
86,2,29,2017-07-01 00:00:00,2017-07-24 19:45:00,6852,"4135145","5630452",1493,1493,0,0,80,80,80,80,80,"M18 eastbound at Doncaster roadworks",571.8,18.147867868011
66,6,30,2017-09-03 09:40:00,2017-09-05 00:05:00,381,"4134567","5630023",680,680,41,41,40,40,40,40,40,"M18 northeastern at Doncaster 728 m slow traffic",38.4,160.088652236163
66,7,31,2017-09-05 00:40:00,2017-09-05 01:15:00,6,"4134567","5630023",680,680,41,41,40,40,40,40,40,"M18 northeastern at Doncaster 728 m slow traffic",0.6,160.088652236163
66,8,32,2017-09-05 02:15:00,2017-09-05 02:35:00,5,"4134567","5630023",680,680,41,41,40,40,40,40,40,"M18 northeastern at Doncaster 728 m slow traffic",0.3,160.088652236163
179,1,33,2017-10-01 00:00:00,2017-10-01 00:45:00,6,"4138750","5634516",280,280,33,33,23,23,23,23,23,"At Doncaster 271 m queuing traffic",0.8,113.03038031675
180,1,33,2017-10-01 00:00:00,2017-10-01 00:45:00,6,"4138750","5634516",280,280,33,33,23,23,23,23,23,"At Doncaster 271 m queuing traffic",0.8,168.06617158911
179,2,34,2017-10-01 01:25:00,2017-10-02 07:40:00,342,"4138750","5634516",280,280,33,33,23,23,23,23,23,"At Doncaster 271 m queuing traffic",30.2,113.03038031675
180,2,34,2017-10-01 01:25:00,2017-10-02 07:40:00,342,"4138750","5634516",280,280,33,33,23,23,23,23,23,"At Doncaster 271 m queuing traffic",30.2,168.06617158911
179,3,35,2017-10-02 08:20:00,2017-10-02 10:30:00,17,"4138750","5634516",280,280,33,33,23,23,23,23,23,"At Doncaster 271 m queuing traffic",2.2,113.03038031675
180,3,35,2017-10-02 08:20:00,2017-10-02 10:30:00,17,"4138750","5634516",280,280,33,33,23,23,23,23,23,"At Doncaster 271 m queuing traffic",2.2,168.06617158911
81,3,36,2017-10-04 22:30:00,2017-10-04 22:40:00,3,"4135208","5630499",1265,1265,69,69,43,43,43,43,43,"M18 eastbound at Doncaster 1.3 km slow traffic",0.2,249.797131902209
86,3,36,2017-10-04 22:30:00,2017-10-04 22:40:00,3,"4135208","5630499",1265,1265,69,69,43,43,43,43,43,"M18 eastbound at Doncaster 1.3 km slow traffic",0.2,18.147867868011
81,4,37,2017-10-04 23:15:00,2017-10-30 23:55:00,7456,"4135208 4135113 4135023 4134917 4134757 4134612 4134358 4134383 4134104 4133992 4133922 4133850 4134540 4135099 4135145","5630499 5630428 5630362 5630282 5630164 5630056 5629895 5629910 5629745 5629679 5629638 5629595 5630005 5630418 5630452",5944,1265,506,55,80,27,37,43,80,"M18 eastbound at Doncaster 1.3 km slow traffic M18 eastbound at Doncaster 1.7 km slow traffic M18 eastbound at Doncaster 1.8 km slow traffic M18 eastbound at Doncaster 2.2 km slow traffic M18 eastbound in direction (M180)/M18/(M62)/Scunthorpe/Doncaster/Hull at Doncaster 3.2 km slow traffic M18 eastbound in direction (M180)/M18/(M62)/Scunthorpe/Doncaster/Hull at Doncaster 3.4 km slow traffic M18 eastbound in direction (M180)/M18/(M62)/Scunthorpe/Doncaster/Hull at Doncaster 4.2 km queuing traffic M18 eastbound in direction (M180)/M18/(M62)/Scunthorpe/Doncaster/Hull at Doncaster 4 km queuing traffic M18 eastbound in direction (M180)/M18/(M62)/Scunthorpe/Doncaster/Hull at Doncaster stationary traffic M18 eastbound in direction (M180)/M18/(M62)/Scunthorpe/Doncaster/Hull at Doncaster 5.5 km queuing traffic M18 eastbound in direction (M180)/M18/(M62)/Scunthorpe/Doncaster/Hull at Doncaster 5.7 km queuing traffic M18 eastbound in direction (M180)/M18/(M62)/Scunthorpe/Doncaster/Hull at Doncaster 5.9 km queuing traffic M18 eastbound in direction (M180)/M18/(M62)/Scunthorpe/Doncaster/Hull at Doncaster 3.7 km slow traffic M18 eastbound at Doncaster roadworks",624.7,249.797131902209
86,4,38,2017-10-04 23:15:00,2017-10-08 01:05:00,812,"4135208 4135113","5630499 5630428",1674,1265,69,55,55,43,43,47,55,"M18 eastbound at Doncaster 1.3 km slow traffic M18 eastbound at Doncaster 1.7 km slow traffic",73.8,18.147867868011
77,2,39,2017-10-06 09:55:00,2017-10-06 12:00:00,14,"4135113","5630428",1674,1674,55,55,55,55,55,55,55,"M18 eastbound at Doncaster 1.7 km slow traffic",2.1,26.4382194503476
79,3,39,2017-10-06 09:55:00,2017-10-06 12:00:00,14,"4135113","5630428",1674,1674,55,55,55,55,55,55,55,"M18 eastbound at Doncaster 1.7 km slow traffic",2.1,35.011281400826
80,3,39,2017-10-06 09:55:00,2017-10-06 12:00:00,14,"4135113","5630428",1674,1674,55,55,55,55,55,55,55,"M18 eastbound at Doncaster 1.7 km slow traffic",2.1,190.433527925207
88,1,39,2017-10-06 09:55:00,2017-10-06 12:00:00,14,"4135113","5630428",1674,1674,55,55,55,55,55,55,55,"M18 eastbound at Doncaster 1.7 km slow traffic",2.1,58.0409935006097
77,3,40,2017-10-06 13:00:00,2017-10-06 13:25:00,5,"4135113","5630428",1674,1674,55,55,55,55,55,55,55,"M18 eastbound at Doncaster 1.7 km slow traffic",0.4,26.4382194503476
79,4,40,2017-10-06 13:00:00,2017-10-06 13:25:00,5,"4135113","5630428",1674,1674,55,55,55,55,55,55,55,"M18 eastbound at Doncaster 1.7 km slow traffic",0.4,35.011281400826
80,4,40,2017-10-06 13:00:00,2017-10-06 13:25:00,5,"4135113","5630428",1674,1674,55,55,55,55,55,55,55,"M18 eastbound at Doncaster 1.7 km slow traffic",0.4,190.433527925207
88,2,40,2017-10-06 13:00:00,2017-10-06 13:25:00,5,"4135113","5630428",1674,1674,55,55,55,55,55,55,55,"M18 eastbound at Doncaster 1.7 km slow traffic",0.4,58.0409935006097
77,4,41,2017-10-06 14:15:00,2017-10-24 04:00:00,5038,"4135113 4135023 4134917 4134757 4134612 4134358 4134383 4134104 4133992 4133922 4133850 4134540 4135099","5630428 5630362 5630282 5630164 5630056 5629895 5629910 5629745 5629679 5629638 5629595 5630005 5630418",5944,1656,506,55,55,27,35,38,44,"M18 eastbound at Doncaster 1.7 km slow traffic M18 eastbound at Doncaster 1.8 km slow traffic M18 eastbound at Doncaster 2.2 km slow traffic M18 eastbound in direction (M180)/M18/(M62)/Scunthorpe/Doncaster/Hull at Doncaster 3.2 km slow traffic M18 eastbound in direction (M180)/M18/(M62)/Scunthorpe/Doncaster/Hull at Doncaster 3.4 km slow traffic M18 eastbound in direction (M180)/M18/(M62)/Scunthorpe/Doncaster/Hull at Doncaster 4.2 km queuing traffic M18 eastbound in direction (M180)/M18/(M62)/Scunthorpe/Doncaster/Hull at Doncaster 4 km queuing traffic M18 eastbound in direction (M180)/M18/(M62)/Scunthorpe/Doncaster/Hull at Doncaster stationary traffic M18 eastbound in direction (M180)/M18/(M62)/Scunthorpe/Doncaster/Hull at Doncaster 5.5 km queuing traffic M18 eastbound in direction (M180)/M18/(M62)/Scunthorpe/Doncaster/Hull at Doncaster 5.7 km queuing traffic M18 eastbound in direction (M180)/M18/(M62)/Scunthorpe/Doncaster/Hull at Doncaster 5.9 km queuing traffic M18 eastbound in direction (M180)/M18/(M62)/Scunthorpe/Doncaster/Hull at Doncaster 3.7 km slow traffic",421.8,26.4382194503476
79,5,42,2017-10-06 14:15:00,2017-10-30 23:55:00,7023,"4135113 4135023 4134917 4134757 4134612 4134358 4134383 4134104 4133992 4133922 4133850 4134540 4135099 4135145","5630428 5630362 5630282 5630164 5630056 5629895 5629910 5629745 5629679 5629638 5629595 5630005 5630418 5630452",5944,1493,506,55,80,27,37,43,80,"M18 eastbound at Doncaster 1.7 km slow traffic M18 eastbound at Doncaster 1.8 km slow traffic M18 eastbound at Doncaster 2.2 km slow traffic M18 eastbound in direction (M180)/M18/(M62)/Scunthorpe/Doncaster/Hull at Doncaster 3.2 km slow traffic M18 eastbound in direction (M180)/M18/(M62)/Scunthorpe/Doncaster/Hull at Doncaster 3.4 km slow traffic M18 eastbound in direction (M180)/M18/(M62)/Scunthorpe/Doncaster/Hull at Doncaster 4.2 km queuing traffic M18 eastbound in direction (M180)/M18/(M62)/Scunthorpe/Doncaster/Hull at Doncaster 4 km queuing traffic M18 eastbound in direction (M180)/M18/(M62)/Scunthorpe/Doncaster/Hull at Doncaster stationary traffic M18 eastbound in direction (M180)/M18/(M62)/Scunthorpe/Doncaster/Hull at Doncaster 5.5 km queuing traffic M18 eastbound in direction (M180)/M18/(M62)/Scunthorpe/Doncaster/Hull at Doncaster 5.7 km queuing traffic M18 eastbound in direction (M180)/M18/(M62)/Scunthorpe/Doncaster/Hull at Doncaster 5.9 km queuing traffic M18 eastbound in direction (M180)/M18/(M62)/Scunthorpe/Doncaster/Hull at Doncaster 3.7 km slow traffic M18 eastbound at Doncaster roadworks",585.7,35.011281400826
80,5,42,2017-10-06 14:15:00,2017-10-30 23:55:00,7023,"4135113 4135023 4134917 4134757 4134612 4134358 4134383 4134104 4133992 4133922 4133850 4134540 4135099 4135145","5630428 5630362 5630282 5630164 5630056 5629895 5629910 5629745 5629679 5629638 5629595 5630005 5630418 5630452",5944,1493,506,55,80,27,37,43,80,"M18 eastbound at Doncaster 1.7 km slow traffic M18 eastbound at Doncaster 1.8 km slow traffic M18 eastbound at Doncaster 2.2 km slow traffic M18 eastbound in direction (M180)/M18/(M62)/Scunthorpe/Doncaster/Hull at Doncaster 3.2 km slow traffic M18 eastbound in direction (M180)/M18/(M62)/Scunthorpe/Doncaster/Hull at Doncaster 3.4 km slow traffic M18 eastbound in direction (M180)/M18/(M62)/Scunthorpe/Doncaster/Hull at Doncaster 4.2 km queuing traffic M18 eastbound in direction (M180)/M18/(M62)/Scunthorpe/Doncaster/Hull at Doncaster 4 km queuing traffic M18 eastbound in direction (M180)/M18/(M62)/Scunthorpe/Doncaster/Hull at Doncaster stationary traffic M18 eastbound in direction (M180)/M18/(M62)/Scunthorpe/Doncaster/Hull at Doncaster 5.5 km queuing traffic M18 eastbound in direction (M180)/M18/(M62)/Scunthorpe/Doncaster/Hull at Doncaster 5.7 km queuing traffic M18 eastbound in direction (M180)/M18/(M62)/Scunthorpe/Doncaster/Hull at Doncaster 5.9 km queuing traffic M18 eastbound in direction (M180)/M18/(M62)/Scunthorpe/Doncaster/Hull at Doncaster 3.7 km slow traffic M18 eastbound at Doncaster roadworks",585.7,190.433527925207
88,3,43,2017-10-06 14:15:00,2017-10-08 01:05:00,379,"4135113","5630428",1674,1674,55,55,55,55,55,55,55,"M18 eastbound at Doncaster 1.7 km slow traffic",34.8,58.0409935006097
74,2,44,2017-10-07 18:30:00,2017-10-07 18:40:00,2,"4135023","5630362",1813,1813,84,84,45,45,45,45,45,"M18 eastbound at Doncaster 1.8 km slow traffic",0.2,105.03900452862
75,2,44,2017-10-07 18:30:00,2017-10-07 18:40:00,2,"4135023","5630362",1813,1813,84,84,45,45,45,45,45,"M18 eastbound at Doncaster 1.8 km slow traffic",0.2,165.778438132072
74,3,45,2017-10-07 19:30:00,2017-10-22 21:35:00,4286,"4135023 4134917 4134757 4134612 4134358 4134383 4134104 4133992 4133922 4133850 4134540","5630362 5630282 5630164 5630056 5629895 5629910 5629745 5629679 5629638 5629595 5630005",5944,1813,506,84,47,27,33,38,44,"M18 eastbound at Doncaster 1.8 km slow traffic M18 eastbound at Doncaster 2.2 km slow traffic M18 eastbound in direction (M180)/M18/(M62)/Scunthorpe/Doncaster/Hull at Doncaster 3.2 km slow traffic M18 eastbound in direction (M180)/M18/(M62)/Scunthorpe/Doncaster/Hull at Doncaster 3.4 km slow traffic M18 eastbound in direction (M180)/M18/(M62)/Scunthorpe/Doncaster/Hull at Doncaster 4.2 km queuing traffic M18 eastbound in direction (M180)/M18/(M62)/Scunthorpe/Doncaster/Hull at Doncaster 4 km queuing traffic M18 eastbound in direction (M180)/M18/(M62)/Scunthorpe/Doncaster/Hull at Doncaster stationary traffic M18 eastbound in direction (M180)/M18/(M62)/Scunthorpe/Doncaster/Hull at Doncaster 5.5 km queuing traffic M18 eastbound in direction (M180)/M18/(M62)/Scunthorpe/Doncaster/Hull at Doncaster 5.7 km queuing traffic M18 eastbound in direction (M180)/M18/(M62)/Scunthorpe/Doncaster/Hull at Doncaster 5.9 km queuing traffic M18 eastbound in direction (M180)/M18/(M62)/Scunthorpe/Doncaster/Hull at Doncaster 3.7 km slow traffic",362.1,105.03900452862
75,3,46,2017-10-07 19:30:00,2017-10-24 04:00:00,4657,"4135023 4134917 4134757 4134612 4134358 4134383 4134104 4133992 4133922 4133850 4134540 4135099","5630362 5630282 5630164 5630056 5629895 5629910 5629745 5629679 5629638 5629595 5630005 5630418",5944,1656,506,84,47,27,35,38,43,"M18 eastbound at Doncaster 1.8 km slow traffic M18 eastbound at Doncaster 2.2 km slow traffic M18 eastbound in direction (M180)/M18/(M62)/Scunthorpe/Doncaster/Hull at Doncaster 3.2 km slow traffic M18 eastbound in direction (M180)/M18/(M62)/Scunthorpe/Doncaster/Hull at Doncaster 3.4 km slow traffic M18 eastbound in direction (M180)/M18/(M62)/Scunthorpe/Doncaster/Hull at Doncaster 4.2 km queuing traffic M18 eastbound in direction (M180)/M18/(M62)/Scunthorpe/Doncaster/Hull at Doncaster 4 km queuing traffic M18 eastbound in direction (M180)/M18/(M62)/Scunthorpe/Doncaster/Hull at Doncaster stationary traffic M18 eastbound in direction (M180)/M18/(M62)/Scunthorpe/Doncaster/Hull at Doncaster 5.5 km queuing traffic M18 eastbound in direction (M180)/M18/(M62)/Scunthorpe/Doncaster/Hull at Doncaster 5.7 km queuing traffic M18 eastbound in direction (M180)/M18/(M62)/Scunthorpe/Doncaster/Hull at Doncaster 5.9 km queuing traffic M18 eastbound in direction (M180)/M18/(M62)/Scunthorpe/Doncaster/Hull at Doncaster 3.7 km slow traffic M18 eastbound at Doncaster 1.7 km slow traffic",392.5,165.778438132072
72,2,47,2017-10-08 01:20:00,2017-10-08 04:15:00,22,"4134917","5630282",2193,2193,108,108,44,44,44,44,44,"M18 eastbound at Doncaster 2.2 km slow traffic",2.9,126.786413649509
73,2,47,2017-10-08 01:20:00,2017-10-08 04:15:00,22,"4134917","5630282",2193,2193,108,108,44,44,44,44,44,"M18 eastbound at Doncaster 2.2 km slow traffic",2.9,254.126980947107
72,3,48,2017-10-08 05:05:00,2017-10-08 05:40:00,6,"4134917","5630282",2193,2193,108,108,44,44,44,44,44,"M18 eastbound at Doncaster 2.2 km slow traffic",0.6,126.786413649509
73,3,48,2017-10-08 05:05:00,2017-10-08 05:40:00,6,"4134917","5630282",2193,2193,108,108,44,44,44,44,44,"M18 eastbound at Doncaster 2.2 km slow traffic",0.6,254.126980947107
72,4,49,2017-10-08 06:25:00,2017-10-08 09:45:00,26,"4134917","5630282",2193,2193,108,108,44,44,44,44,44,"M18 eastbound at Doncaster 2.2 km slow traffic",3.3,126.786413649509
73,4,49,2017-10-08 06:25:00,2017-10-08 09:45:00,26,"4134917","5630282",2193,2193,108,108,44,44,44,44,44,"M18 eastbound at Doncaster 2.2 km slow traffic",3.3,254.126980947107
72,5,50,2017-10-08 10:20:00,2017-10-08 10:40:00,2,"4134917","5630282",2193,2193,108,108,44,44,44,44,44,"M18 eastbound at Doncaster 2.2 km slow traffic",0.3,126.786413649509
73,5,50,2017-10-08 10:20:00,2017-10-08 10:40:00,2,"4134917","5630282",2193,2193,108,108,44,44,44,44,44,"M18 eastbound at Doncaster 2.2 km slow traffic",0.3,254.126980947107
72,6,51,2017-10-08 11:15:00,2017-10-08 13:35:00,22,"4134917","5630282",2193,2193,108,108,44,44,44,44,44,"M18 eastbound at Doncaster 2.2 km slow traffic",2.3,126.786413649509
73,6,51,2017-10-08 11:15:00,2017-10-08 13:35:00,22,"4134917","5630282",2193,2193,108,108,44,44,44,44,44,"M18 eastbound at Doncaster 2.2 km slow traffic",2.3,254.126980947107
72,7,52,2017-10-08 14:15:00,2017-10-08 21:30:00,55,"4134917","5630282",2193,2193,108,108,44,44,44,44,44,"M18 eastbound at Doncaster 2.2 km slow traffic",7.2,126.786413649509
73,7,52,2017-10-08 14:15:00,2017-10-08 21:30:00,55,"4134917","5630282",2193,2193,108,108,44,44,44,44,44,"M18 eastbound at Doncaster 2.2 km slow traffic",7.2,254.126980947107
72,8,53,2017-10-08 22:05:00,2017-10-22 21:35:00,3963,"4134917 4134757 4134612 4134358 4134383 4134104 4133992 4133922 4133850 4134540","5630282 5630164 5630056 5629895 5629910 5629745 5629679 5629638 5629595 5630005",5944,2193,506,108,47,27,33,38,42,"M18 eastbound at Doncaster 2.2 km slow traffic M18 eastbound in direction (M180)/M18/(M62)/Scunthorpe/Doncaster/Hull at Doncaster 3.2 km slow traffic M18 eastbound in direction (M180)/M18/(M62)/Scunthorpe/Doncaster/Hull at Doncaster 3.4 km slow traffic M18 eastbound in direction (M180)/M18/(M62)/Scunthorpe/Doncaster/Hull at Doncaster 4.2 km queuing traffic M18 eastbound in direction (M180)/M18/(M62)/Scunthorpe/Doncaster/Hull at Doncaster 4 km queuing traffic M18 eastbound in direction (M180)/M18/(M62)/Scunthorpe/Doncaster/Hull at Doncaster stationary traffic M18 eastbound in direction (M180)/M18/(M62)/Scunthorpe/Doncaster/Hull at Doncaster 5.5 km queuing traffic M18 eastbound in direction (M180)/M18/(M62)/Scunthorpe/Doncaster/Hull at Doncaster 5.7 km queuing traffic M18 eastbound in direction (M180)/M18/(M62)/Scunthorpe/Doncaster/Hull at Doncaster 5.9 km queuing traffic M18 eastbound in direction (M180)/M18/(M62)/Scunthorpe/Doncaster/Hull at Doncaster 3.7 km slow traffic",335.5,126.786413649509
73,8,53,2017-10-08 22:05:00,2017-10-22 21:35:00,3963,"4134917 4134757 4134612 4134358 4134383 4134104 4133992 4133922 4133850 4134540","5630282 5630164 5630056 5629895 5629910 5629745 5629679 5629638 5629595 5630005",5944,2193,506,108,47,27,33,38,42,"M18 eastbound at Doncaster 2.2 km slow traffic M18 eastbound in direction (M180)/M18/(M62)/Scunthorpe/Doncaster/Hull at Doncaster 3.2 km slow traffic M18 eastbound in direction (M180)/M18/(M62)/Scunthorpe/Doncaster/Hull at Doncaster 3.4 km slow traffic M18 eastbound in direction (M180)/M18/(M62)/Scunthorpe/Doncaster/Hull at Doncaster 4.2 km queuing traffic M18 eastbound in direction (M180)/M18/(M62)/Scunthorpe/Doncaster/Hull at Doncaster 4 km queuing traffic M18 eastbound in direction (M180)/M18/(M62)/Scunthorpe/Doncaster/Hull at Doncaster stationary traffic M18 eastbound in direction (M180)/M18/(M62)/Scunthorpe/Doncaster/Hull at Doncaster 5.5 km queuing traffic M18 eastbound in direction (M180)/M18/(M62)/Scunthorpe/Doncaster/Hull at Doncaster 5.7 km queuing traffic M18 eastbound in direction (M180)/M18/(M62)/Scunthorpe/Doncaster/Hull at Doncaster 5.9 km queuing traffic M18 eastbound in direction (M180)/M18/(M62)/Scunthorpe/Doncaster/Hull at Doncaster 3.7 km slow traffic",335.5,254.126980947107
66,9,54,2017-10-09 04:20:00,2017-10-22 21:35:00,3894,"4134757 4134612 4134358 4134383 4134104 4133992 4133922 4133850 4134540","5630164 5630056 5629895 5629910 5629745 5629679 5629638 5629595 5630005",5944,2940,506,165,47,27,28,38,42,"M18 eastbound in direction (M180)/M18/(M62)/Scunthorpe/Doncaster/Hull at Doncaster 3.2 km slow traffic M18 eastbound in direction (M180)/M18/(M62)/Scunthorpe/Doncaster/Hull at Doncaster 3.4 km slow traffic M18 eastbound in direction (M180)/M18/(M62)/Scunthorpe/Doncaster/Hull at Doncaster 4.2 km queuing traffic M18 eastbound in direction (M180)/M18/(M62)/Scunthorpe/Doncaster/Hull at Doncaster 4 km queuing traffic M18 eastbound in direction (M180)/M18/(M62)/Scunthorpe/Doncaster/Hull at Doncaster stationary traffic M18 eastbound in direction (M180)/M18/(M62)/Scunthorpe/Doncaster/Hull at Doncaster 5.5 km queuing traffic M18 eastbound in direction (M180)/M18/(M62)/Scunthorpe/Doncaster/Hull at Doncaster 5.7 km queuing traffic M18 eastbound in direction (M180)/M18/(M62)/Scunthorpe/Doncaster/Hull at Doncaster 5.9 km queuing traffic M18 eastbound in direction (M180)/M18/(M62)/Scunthorpe/Doncaster/Hull at Doncaster 3.7 km slow traffic",329.2,160.088652236163
69,7,54,2017-10-09 04:20:00,2017-10-22 21:35:00,3894,"4134757 4134612 4134358 4134383 4134104 4133992 4133922 4133850 4134540","5630164 5630056 5629895 5629910 5629745 5629679 5629638 5629595 5630005",5944,2940,506,165,47,27,28,38,42,"M18 eastbound in direction (M180)/M18/(M62)/Scunthorpe/Doncaster/Hull at Doncaster 3.2 km slow traffic M18 eastbound in direction (M180)/M18/(M62)/Scunthorpe/Doncaster/Hull at Doncaster 3.4 km slow traffic M18 eastbound in direction (M180)/M18/(M62)/Scunthorpe/Doncaster/Hull at Doncaster 4.2 km queuing traffic M18 eastbound in direction (M180)/M18/(M62)/Scunthorpe/Doncaster/Hull at Doncaster 4 km queuing traffic M18 eastbound in direction (M180)/M18/(M62)/Scunthorpe/Doncaster/Hull at Doncaster stationary traffic M18 eastbound in direction (M180)/M18/(M62)/Scunthorpe/Doncaster/Hull at Doncaster 5.5 km queuing traffic M18 eastbound in direction (M180)/M18/(M62)/Scunthorpe/Doncaster/Hull at Doncaster 5.7 km queuing traffic M18 eastbound in direction (M180)/M18/(M62)/Scunthorpe/Doncaster/Hull at Doncaster 5.9 km queuing traffic M18 eastbound in direction (M180)/M18/(M62)/Scunthorpe/Doncaster/Hull at Doncaster 3.7 km slow traffic",329.2,63.6927241698107
70,4,54,2017-10-09 04:20:00,2017-10-22 21:35:00,3894,"4134757 4134612 4134358 4134383 4134104 4133992 4133922 4133850 4134540","5630164 5630056 5629895 5629910 5629745 5629679 5629638 5629595 5630005",5944,2940,506,165,47,27,28,38,42,"M18 eastbound in direction (M180)/M18/(M62)/Scunthorpe/Doncaster/Hull at Doncaster 3.2 km slow traffic M18 eastbound in direction (M180)/M18/(M62)/Scunthorpe/Doncaster/Hull at Doncaster 3.4 km slow traffic M18 eastbound in direction (M180)/M18/(M62)/Scunthorpe/Doncaster/Hull at Doncaster 4.2 km queuing traffic M18 eastbound in direction (M180)/M18/(M62)/Scunthorpe/Doncaster/Hull at Doncaster 4 km queuing traffic M18 eastbound in direction (M180)/M18/(M62)/Scunthorpe/Doncaster/Hull at Doncaster stationary traffic M18 eastbound in direction (M180)/M18/(M62)/Scunthorpe/Doncaster/Hull at Doncaster 5.5 km queuing traffic M18 eastbound in direction (M180)/M18/(M62)/Scunthorpe/Doncaster/Hull at Doncaster 5.7 km queuing traffic M18 eastbound in direction (M180)/M18/(M62)/Scunthorpe/Doncaster/Hull at Doncaster 5.9 km queuing traffic M18 eastbound in direction (M180)/M18/(M62)/Scunthorpe/Doncaster/Hull at Doncaster 3.7 km slow traffic",329.2,178.421808620305
86,5,55,2017-10-09 04:20:00,2017-10-30 23:55:00,6250,"4134757 4134612 4134358 4134383 4134104 4133992 4133922 4133850 4134540 4135099 4135145","5630164 5630056 5629895 5629910 5629745 5629679 5629638 5629595 5630005 5630418 5630452",5944,1493,506,90,80,27,36,42,80,"M18 eastbound in direction (M180)/M18/(M62)/Scunthorpe/Doncaster/Hull at Doncaster 3.2 km slow traffic M18 eastbound in direction (M180)/M18/(M62)/Scunthorpe/Doncaster/Hull at Doncaster 3.4 km slow traffic M18 eastbound in direction (M180)/M18/(M62)/Scunthorpe/Doncaster/Hull at Doncaster 4.2 km queuing traffic M18 eastbound in direction (M180)/M18/(M62)/Scunthorpe/Doncaster/Hull at Doncaster 4 km queuing traffic M18 eastbound in direction (M180)/M18/(M62)/Scunthorpe/Doncaster/Hull at Doncaster stationary traffic M18 eastbound in direction (M180)/M18/(M62)/Scunthorpe/Doncaster/Hull at Doncaster 5.5 km queuing traffic M18 eastbound in direction (M180)/M18/(M62)/Scunthorpe/Doncaster/Hull at Doncaster 5.7 km queuing traffic M18 eastbound in direction (M180)/M18/(M62)/Scunthorpe/Doncaster/Hull at Doncaster 5.9 km queuing traffic M18 eastbound in direction (M180)/M18/(M62)/Scunthorpe/Doncaster/Hull at Doncaster 3.7 km slow traffic M18 eastbound at Doncaster 1.7 km slow traffic M18 eastbound at Doncaster roadworks",523.6,18.147867868011
88,4,56,2017-10-09 04:20:00,2017-10-10 20:20:00,413,"4134757","5630164",2940,2940,174,174,42,42,42,42,42,"M18 eastbound in direction (M180)/M18/(M62)/Scunthorpe/Doncaster/Hull at Doncaster 3.2 km slow traffic",40,58.0409935006097
59,7,57,2017-10-11 21:40:00,2017-10-21 10:55:00,2709,"4134358 4134383 4134104 4133992 4133922 4133850","5629895 5629910 5629745 5629679 5629638 5629595",5944,4171,506,272,38,27,28,35,38,"M18 eastbound in direction (M180)/M18/(M62)/Scunthorpe/Doncaster/Hull at Doncaster 4.2 km queuing traffic M18 eastbound in direction (M180)/M18/(M62)/Scunthorpe/Doncaster/Hull at Doncaster 4 km queuing traffic M18 eastbound in direction (M180)/M18/(M62)/Scunthorpe/Doncaster/Hull at Doncaster stationary traffic M18 eastbound in direction (M180)/M18/(M62)/Scunthorpe/Doncaster/Hull at Doncaster 5.5 km queuing traffic M18 eastbound in direction (M180)/M18/(M62)/Scunthorpe/Doncaster/Hull at Doncaster 5.7 km queuing traffic M18 eastbound in direction (M180)/M18/(M62)/Scunthorpe/Doncaster/Hull at Doncaster 5.9 km queuing traffic",229.2,373.099660192277
63,6,57,2017-10-11 21:40:00,2017-10-21 10:55:00,2709,"4134358 4134383 4134104 4133992 4133922 4133850","5629895 5629910 5629745 5629679 5629638 5629595",5944,4171,506,272,38,27,28,35,38,"M18 eastbound in direction (M180)/M18/(M62)/Scunthorpe/Doncaster/Hull at Doncaster 4.2 km queuing traffic M18 eastbound in direction (M180)/M18/(M62)/Scunthorpe/Doncaster/Hull at Doncaster 4 km queuing traffic M18 eastbound in direction (M180)/M18/(M62)/Scunthorpe/Doncaster/Hull at Doncaster stationary traffic M18 eastbound in direction (M180)/M18/(M62)/Scunthorpe/Doncaster/Hull at Doncaster 5.5 km queuing traffic M18 eastbound in direction (M180)/M18/(M62)/Scunthorpe/Doncaster/Hull at Doncaster 5.7 km queuing traffic M18 eastbound in direction (M180)/M18/(M62)/Scunthorpe/Doncaster/Hull at Doncaster 5.9 km queuing traffic",229.2,93.1050133382885
64,6,57,2017-10-11 21:40:00,2017-10-21 10:55:00,2709,"4134358 4134383 4134104 4133992 4133922 4133850","5629895 5629910 5629745 5629679 5629638 5629595",5944,4171,506,272,38,27,28,35,38,"M18 eastbound in direction (M180)/M18/(M62)/Scunthorpe/Doncaster/Hull at Doncaster 4.2 km queuing traffic M18 eastbound in direction (M180)/M18/(M62)/Scunthorpe/Doncaster/Hull at Doncaster 4 km queuing traffic M18 eastbound in direction (M180)/M18/(M62)/Scunthorpe/Doncaster/Hull at Doncaster stationary traffic M18 eastbound in direction (M180)/M18/(M62)/Scunthorpe/Doncaster/Hull at Doncaster 5.5 km queuing traffic M18 eastbound in direction (M180)/M18/(M62)/Scunthorpe/Doncaster/Hull at Doncaster 5.7 km queuing traffic M18 eastbound in direction (M180)/M18/(M62)/Scunthorpe/Doncaster/Hull at Doncaster 5.9 km queuing traffic",229.2,60.5302303310838
65,6,58,2017-10-11 21:40:00,2017-10-22 21:35:00,3110,"4134358 4134383 4134104 4133992 4133922 4133850 4134540","5629895 5629910 5629745 5629679 5629638 5629595 5630005",5944,3714,506,165,47,27,28,36,38,"M18 eastbound in direction (M180)/M18/(M62)/Scunthorpe/Doncaster/Hull at Doncaster 4.2 km queuing traffic M18 eastbound in direction (M180)/M18/(M62)/Scunthorpe/Doncaster/Hull at Doncaster 4 km queuing traffic M18 eastbound in direction (M180)/M18/(M62)/Scunthorpe/Doncaster/Hull at Doncaster stationary traffic M18 eastbound in direction (M180)/M18/(M62)/Scunthorpe/Doncaster/Hull at Doncaster 5.5 km queuing traffic M18 eastbound in direction (M180)/M18/(M62)/Scunthorpe/Doncaster/Hull at Doncaster 5.7 km queuing traffic M18 eastbound in direction (M180)/M18/(M62)/Scunthorpe/Doncaster/Hull at Doncaster 5.9 km queuing traffic M18 eastbound in direction (M180)/M18/(M62)/Scunthorpe/Doncaster/Hull at Doncaster 3.7 km slow traffic",263.9,93.1034073508515
88,5,59,2017-10-14 16:00:00,2017-10-14 16:25:00,5,"4134104","5629745",5166,5166,506,506,27,27,27,27,27,"M18 eastbound in direction (M180)/M18/(M62)/Scunthorpe/Doncaster/Hull at Doncaster stationary traffic",0.4,58.0409935006097
88,6,60,2017-10-14 17:00:00,2017-10-14 18:35:00,13,"4134104","5629745",5166,5166,506,506,27,27,27,27,27,"M18 eastbound in direction (M180)/M18/(M62)/Scunthorpe/Doncaster/Hull at Doncaster stationary traffic",1.6,58.0409935006097
88,7,61,2017-10-14 19:30:00,2017-10-14 19:45:00,3,"4134104","5629745",5166,5166,506,506,27,27,27,27,27,"M18 eastbound in direction (M180)/M18/(M62)/Scunthorpe/Doncaster/Hull at Doncaster stationary traffic",0.2,58.0409935006097
88,8,62,2017-10-14 20:20:00,2017-10-14 20:45:00,2,"4134104","5629745",5166,5166,506,506,27,27,27,27,27,"M18 eastbound in direction (M180)/M18/(M62)/Scunthorpe/Doncaster/Hull at Doncaster stationary traffic",0.4,58.0409935006097
88,9,63,2017-10-14 21:25:00,2017-10-16 06:20:00,366,"4134104","5629745",5166,5166,506,506,27,27,27,27,27,"M18 eastbound in direction (M180)/M18/(M62)/Scunthorpe/Doncaster/Hull at Doncaster stationary traffic",32.9,58.0409935006097
57,4,64,2017-10-17 08:15:00,2017-10-20 03:05:00,756,"4133922 4133850","5629638 5629595",5944,5703,450,355,38,33,36,36,38,"M18 eastbound in direction (M180)/M18/(M62)/Scunthorpe/Doncaster/Hull at Doncaster 5.7 km queuing traffic M18 eastbound in direction (M180)/M18/(M62)/Scunthorpe/Doncaster/Hull at Doncaster 5.9 km queuing traffic",66.8,102.885916832865
55,6,65,2017-10-17 12:35:00,2017-10-17 22:35:00,72,"4133850","5629595",5944,5944,394,394,36,36,36,36,36,"M18 eastbound in direction (M180)/M18/(M62)/Scunthorpe/Doncaster/Hull at Doncaster 5.9 km queuing traffic",10,842.772414117639
55,7,66,2017-10-17 23:50:00,2017-10-18 02:55:00,21,"4133850","5629595",5944,5944,394,394,36,36,36,36,36,"M18 eastbound in direction (M180)/M18/(M62)/Scunthorpe/Doncaster/Hull at Doncaster 5.9 km queuing traffic",3.1,842.772414117639
55,8,67,2017-10-18 03:30:00,2017-10-18 05:25:00,13,"4133850","5629595",5944,5944,394,394,36,36,36,36,36,"M18 eastbound in direction (M180)/M18/(M62)/Scunthorpe/Doncaster/Hull at Doncaster 5.9 km queuing traffic",1.9,842.772414117639
55,9,68,2017-10-18 06:10:00,2017-10-18 20:05:00,97,"4133850","5629595",5944,5944,394,394,36,36,36,36,36,"M18 eastbound in direction (M180)/M18/(M62)/Scunthorpe/Doncaster/Hull at Doncaster 5.9 km queuing traffic",13.9,842.772414117639
88,10,69,2017-10-19 23:05:00,2017-10-19 23:10:00,2,"4133992","5629679",5538,5538,352,352,38,38,38,38,38,"M18 eastbound in direction (M180)/M18/(M62)/Scunthorpe/Doncaster/Hull at Doncaster 5.5 km queuing traffic",0.1,58.0409935006097
88,11,70,2017-10-19 23:45:00,2017-10-22 21:35:00,782,"4133992 4134540","5629679 5630005",5538,3714,352,165,47,38,38,38,47,"M18 eastbound in direction (M180)/M18/(M62)/Scunthorpe/Doncaster/Hull at Doncaster 5.5 km queuing traffic M18 eastbound in direction (M180)/M18/(M62)/Scunthorpe/Doncaster/Hull at Doncaster 3.7 km slow traffic",69.8,58.0409935006097
57,5,71,2017-10-20 03:45:00,2017-10-20 05:45:00,13,"4133922","5629638",5703,5703,355,355,38,38,38,38,38,"M18 eastbound in direction (M180)/M18/(M62)/Scunthorpe/Doncaster/Hull at Doncaster 5.7 km queuing traffic",2,102.885916832865
59,8,72,2017-10-21 11:30:00,2017-10-21 14:00:00,15,"4133992","5629679",5538,5538,352,352,38,38,38,38,38,"M18 eastbound in direction (M180)/M18/(M62)/Scunthorpe/Doncaster/Hull at Doncaster 5.5 km queuing traffic",2.5,373.099660192277
63,7,72,2017-10-21 11:30:00,2017-10-21 14:00:00,15,"4133992","5629679",5538,5538,352,352,38,38,38,38,38,"M18 eastbound in direction (M180)/M18/(M62)/Scunthorpe/Doncaster/Hull at Doncaster 5.5 km queuing traffic",2.5,93.1050133382885
64,7,72,2017-10-21 11:30:00,2017-10-21 14:00:00,15,"4133992","5629679",5538,5538,352,352,38,38,38,38,38,"M18 eastbound in direction (M180)/M18/(M62)/Scunthorpe/Doncaster/Hull at Doncaster 5.5 km queuing traffic",2.5,60.5302303310838
59,9,73,2017-10-21 14:40:00,2017-10-21 15:15:00,3,"4133992","5629679",5538,5538,352,352,38,38,38,38,38,"M18 eastbound in direction (M180)/M18/(M62)/Scunthorpe/Doncaster/Hull at Doncaster 5.5 km queuing traffic",0.6,373.099660192277
63,8,73,2017-10-21 14:40:00,2017-10-21 15:15:00,3,"4133992","5629679",5538,5538,352,352,38,38,38,38,38,"M18 eastbound in direction (M180)/M18/(M62)/Scunthorpe/Doncaster/Hull at Doncaster 5.5 km queuing traffic",0.6,93.1050133382885
64,8,73,2017-10-21 14:40:00,2017-10-21 15:15:00,3,"4133992","5629679",5538,5538,352,352,38,38,38,38,38,"M18 eastbound in direction (M180)/M18/(M62)/Scunthorpe/Doncaster/Hull at Doncaster 5.5 km queuing traffic",0.6,60.5302303310838
75,4,74,2017-10-24 04:35:00,2017-10-24 06:45:00,15,"4135099","5630418",1656,1656,90,90,43,43,43,43,43,"M18 eastbound at Doncaster 1.7 km slow traffic",2.2,165.778438132072
77,5,74,2017-10-24 04:35:00,2017-10-24 06:45:00,15,"4135099","5630418",1656,1656,90,90,43,43,43,43,43,"M18 eastbound at Doncaster 1.7 km slow traffic",2.2,26.4382194503476
79,6,75,2017-11-01 00:00:00,2017-11-29 23:55:00,8352,"4135145","5630452",1493,1493,0,0,80,80,80,80,80,"M18 eastbound at Doncaster roadworks",695.9,35.011281400826
80,6,75,2017-11-01 00:00:00,2017-11-29 23:55:00,8352,"4135145","5630452",1493,1493,0,0,80,80,80,80,80,"M18 eastbound at Doncaster roadworks",695.9,190.433527925207
81,5,75,2017-11-01 00:00:00,2017-11-29 23:55:00,8352,"4135145","5630452",1493,1493,0,0,80,80,80,80,80,"M18 eastbound at Doncaster roadworks",695.9,249.797131902209
86,6,75,2017-11-01 00:00:00,2017-11-29 23:55:00,8352,"4135145","5630452",1493,1493,0,0,80,80,80,80,80,"M18 eastbound at Doncaster roadworks",695.9,18.147867868011
